id	date	commit	backend	build	model	context	mtp	n_max	p_min	kv	decode_tps	status	notes
B001	2026-07-21	40b740ad0	CUDA13	official-b10079	Qwen3.6-35B-A3B-UD-Q3_K_M	150000	draft-mtp	4	0.25	f16/f16	171.54	baseline	five-seed median
K001	2026-07-21	40b740ad0-dirty	CUDA13	SM86-native-nosync	Qwen3.6-35B-A3B-UD-Q3_K_M	150000	draft-mtp	4	0.25	f16/f16	183.43	promoted	five-seed median; exact outputs
M001	2026-07-21	40b740ad0-dirty	CUDA13	SM86-native-nosync	Qwen3.6-35B-A3B-UD-Q3_K_M	150000	draft-mtp	4	0.35	f16/f16	172.31	rejected	three-seed median; changed trajectories and slower
K002	2026-07-21	40b740ad0-dirty	CUDA13	static-LTCG	Qwen3.6-35B-A3B-UD-Q3_K_M	150000	draft-mtp	4	0.25	f16/f16	169.13	rejected	three-seed median; static LTCG slower
R001	2026-07-21	40b740ad0-dirty	CUDA13	SM86-native-nosync	Qwen3.6-35B-A3B-UD-Q3_K_M	150000	draft-mtp-cpu-sampling	4	0.25	f16/f16	170.76	rejected	three-seed median; acceptance identical but slower
M002	2026-07-21	40b740ad0-dirty	CUDA13	SM86-native-nosync	Qwen3.6-35B-A3B-UD-Q3_K_M	150000	draft-mtp	3	0.25	f16/f16	168.06	rejected	three-seed median; fourth position is profitable
K003	2026-07-21	40b740ad0-dirty	CUDA13	Q6K-2warp	Qwen3.6-35B-A3B-UD-Q3_K_M	150000	draft-mtp	4	0.25	f16/f16	176.78	rejected	three-seed median; two warps slower
K004	2026-07-21	40b740ad0-dirty	CUDA13	Q6K-8warp	Qwen3.6-35B-A3B-UD-Q3_K_M	150000	draft-mtp	4	0.25	f16/f16	170.39	rejected	three-seed median; eight warps slower
K005	2026-07-21	40b740ad0-dirty	CUDA13	FastMTP-65K-head	Qwen3.6-35B-A3B-UD-Q3_K_M	150000	draft-mtp	4	0.25	f16/f16	172.56	rejected	three-seed median; acceptance unchanged but no speed benefit
K006	2026-07-21	40b740ad0-dirty	CUDA13	Q8_0-ncols5-4warp	Qwen3.6-35B-A3B-UD-Q3_K_M	150000	draft-mtp	4	0.25	f16/f16	181.00	rejected	three-seed median; four warps slower than original two
K007	2026-07-21	40b740ad0-dirty	CUDA13	Q8_0-ncols5-1warp	Qwen3.6-35B-A3B-UD-Q3_K_M	150000	draft-mtp	4	0.25	f16/f16	170.67	rejected	three-seed median; one warp substantially slower
R002	2026-07-21	40b740ad0-dirty	CUDA13	poll100-prio2	Qwen3.6-35B-A3B-UD-Q3_K_M	150000	draft-mtp	4	0.25	f16/f16	167.11	rejected	three-seed median; aggressive polling and high priority slower
K008	2026-07-21	40b740ad0-dirty	CUDA13	Q8_0-ncols5-rpb1	Qwen3.6-35B-A3B-UD-Q3_K_M	150000	draft-mtp	4	0.25	f16/f16	167.87	rejected	three-seed median; one output row per block slower
K009	2026-07-21	40b740ad0-dirty	CUDA13	Q8_0-ncols5-rpb4	Qwen3.6-35B-A3B-UD-Q3_K_M	150000	draft-mtp	4	0.25	f16/f16	170.00	rejected	three-seed median; four output rows per block slower
K010	2026-07-21	40b740ad0-dirty	CUDA13	Q8_0-ncols5-MMQ	Qwen3.6-35B-A3B-UD-Q3_K_M	150000	draft-mtp	4	0.25	f16/f16	160.61	rejected	three-seed median; MMQ route much slower than MMVQ
R003	2026-07-21	40b740ad0-dirty	CUDA13	CUDA-graph-opt	Qwen3.6-35B-A3B-UD-Q3_K_M	150000	draft-mtp	4	0.25	f16/f16	166.13	rejected	three-seed median; multi-stream graph optimizer slower
K011	2026-07-21	40b740ad0-dirty	CUDA13	Q8quant-128threads	Qwen3.6-35B-A3B-UD-Q3_K_M	150000	draft-mtp	4	0.25	f16/f16	168.44	rejected	three-seed median; unchanged acceptance but no throughput gain
K012	2026-07-21	40b740ad0-dirty	CUDA13	Q8quant-64threads	Qwen3.6-35B-A3B-UD-Q3_K_M	150000	draft-mtp	4	0.25	f16/f16	175.71	provisional	three-seed median; +0.94% vs contemporary 174.08 control; exact acceptance
C002	2026-07-21	40b740ad0-dirty	CUDA13	contemporary-promoted-control	Qwen3.6-35B-A3B-UD-Q3_K_M	150000	draft-mtp	4	0.25	f16/f16	174.08	control	three-seed median; current machine state
K013	2026-07-21	40b740ad0-dirty	CUDA13	IQ3_XXS-VDR4	Qwen3.6-35B-A3B-UD-Q3_K_M	150000	draft-mtp	4	0.25	f16/f16	0.00	invalid	generation stopped after two tokens; zero draft acceptance; arithmetic invalid
K014	2026-07-21	40b740ad0-dirty	CUDA13	IQ3_XXS-MoE-rpb1	Qwen3.6-35B-A3B-UD-Q3_K_M	150000	draft-mtp	4	0.25	f16/f16	169.36	rejected	three-seed median; exact acceptance but one row per block slower
G001	2026-07-21	40b740ad0-dirty	CUDA13	direct-single-state	Qwen3.6-35B-A3B-UD-Q3_K_M	150000	draft-mtp	4	0.25	f16/f16	170.44	rejected	three-seed median; guarded condition did not improve throughput
K015a	2026-07-21	40b740ad0-dirty	CUDA13	GDN8-incomplete-launch-bound	Qwen3.6-35B-A3B-UD-Q3_K_M	150000	draft-mtp	4	0.25	f16/f16	0.00	invalid	launch rejected because compile-time bound remained four warps
K015b	2026-07-21	40b740ad0-dirty	CUDA13	GDN8	Qwen3.6-35B-A3B-UD-Q3_K_M	150000	draft-mtp	4	0.25	f16/f16	173.53	rejected	three-seed median; correct eight-warp launch slightly slower
R004	2026-07-21	40b740ad0-dirty	CUDA13	ubatch2048	Qwen3.6-35B-A3B-UD-Q3_K_M	150000	draft-mtp	4	0.25	f16/f16	172.48	rejected	three-seed median; trajectories changed; VRAM rose to 21.5 GiB
K016a	2026-07-21	40b740ad0-dirty	CUDA13	Q8-reuse-graph-owned-pool	Qwen3.6-35B-A3B-UD-Q3_K_M	150000	draft-mtp	4	0.25	f16/f16	0.00	invalid	strict LIFO CUDA pool rejected long-lived graph-owned allocation
K016b	2026-07-21	40b740ad0-dirty	CUDA13	adjacent-Q8-source-reuse	Qwen3.6-35B-A3B-UD-Q3_K_M	150000	draft-mtp	4	0.25	f16/f16	173.09	provisional	three-seed median; exact acceptance but slower than Q8quant64 alone; profile mechanism
P004	2026-07-21	40b740ad0-dirty	CUDA13	adjacent-Q8-source-reuse-profile	Qwen3.6-35B-A3B-UD-Q3_K_M	150000	draft-mtp	4	0.25	f16/f16	0.00	profile	Q8_1 quant launches 64798 to 49881 (-23.0%); quant kernel time 100.706 to 79.871 ms; only about 0.8% total GPU time saved
K017	2026-07-21	40b740ad0-dirty	CUDA13	Q8_0-five-column-explicit-weight-reuse	Qwen3.6-35B-A3B-UD-Q3_K_M	150000	draft-mtp	4	0.25	f16/f16	172.23	rejected	three-seed median; 180.89,172.23,168.71; exact output; explicit reuse did not beat compiler-generated kernel
K018c	2026-07-21	40b740ad0-dirty	CUDA13	direct-SSM-conv-state	Qwen3.6-35B-A3B-UD-Q3_K_M	150000	draft-mtp	4	0.25	f16/f16	178.03	promoted	three-seed median; 180.43,178.56,178.03; direct convolution consumes cache/tokens and writes rollback snapshots
K019b	2026-07-21	40b740ad0-dirty	CUDA13	beta-projection-sigmoid-fusion	Qwen3.6-35B-A3B-UD-Q3_K_M	150000	draft-mtp	4	0.25	f16/f16	179.82	promoted	three-seed median; 187.85,179.82,172.51; exact first-seed trajectory; retained in stack
K020a	2026-07-21	40b740ad0-dirty	CUDA13	alpha-projection-softplus-scale-fusion	Qwen3.6-35B-A3B-UD-Q3_K_M	150000	draft-mtp	4	0.25	f16/f16	180.19	rejected	one-seed guard regressed from beta-only 185.71 to 180.19; removed
K021b	2026-07-21	40b740ad0-dirty	CUDA13	persistent-Q8-source-reuse	Qwen3.6-35B-A3B-UD-Q3_K_M	150000	draft-mtp	4	0.25	f16/f16	180.24	promoted	three-seed median; 186.28,180.24,176.98; guarded by stream/source/output-overlap invalidation
K022	2026-07-21	40b740ad0-dirty	CUDA13	Q8_0-ncols5-four-warps	Qwen3.6-35B-A3B-UD-Q3_K_M	150000	draft-mtp	4	0.25	f16/f16	191.83	promoted	three-seed median; 191.83,176.50,198.45; all programs compiled and passed
Q001	2026-07-21	40b740ad0-dirty	CUDA13	final-five-seed-qualification	Qwen3.6-35B-A3B-UD-Q3_K_M	150000	draft-mtp	4	0.25	f16/f16	190.35	promoted	five seeds 190.35,184.41,199.07,195.35,188.11; all compile/run; 70C 253W 20788MiB
V008	2026-07-21	40b740ad0-dirty	CUDA13	q6k-ncols1-three-warps	Qwen3.6-35B-A3B-UD-Q3_K_M	150000	draft-mtp	4	0.25	f16/f16	195.07	promoted	five-seed median; exact established signatures
V009	2026-07-21	40b740ad0-dirty	CUDA13	q6k3-plus-quant128	Qwen3.6-35B-A3B-UD-Q3_K_M	150000	draft-mtp	4	0.25	f16/f16	194.54	provisional	five-seed median; quant128 retained for stack comparison
V010	2026-07-21	40b740ad0-dirty	CUDA13	q6k3-q6k5one-quant128	Qwen3.6-35B-A3B-UD-Q3_K_M	150000	draft-mtp	4	0.25	f16/f16	197.72	promoted	five seeds 196.83,190.67,200.95,200.40,197.72; exact signatures
V011	2026-07-21	40b740ad0-dirty	CUDA13	winner-threads6	Qwen3.6-35B-A3B-UD-Q3_K_M	150000	draft-mtp	4	0.25	f16/f16	194.06	rejected	five-seed median; default 10 threads retained
K038-K065	2026-07-22	40b740ad0-dirty	CUDA13	plateau-sweep	Qwen3.6-35B-A3B-UD-Q3_K_M	150000	draft-mtp	4	0.25	f16/f16	197.72	mixed	cache depth, Q6/IQ3/IQ4 geometry, quant blocks, compiler math, PDL, affinity, clocks and sampler controls; losers restored
K066-K079	2026-07-22	40b740ad0-dirty	CUDA13	routing-state-kernel-sweep	Qwen3.6-35B-A3B-UD-Q3_K_M	150000	draft-mtp	4	0.25	f16/f16	0.00	rejected	multirow topk altered trajectory; direct-state view unsafe; Q8 VDR4/MMQ and GDN8 lost; graph optimizer lost
K089	2026-07-22	40b740ad0-dirty	CUDA13	direct-GDN-runtime-state-gather	Qwen3.6-35B-A3B-UD-Q3_K_M	150000	draft-mtp	4	0.25	f16/f16	185.58	provisional	one-seed guard under sustained thermal state; exact signature; fused runtime-index gather activated
V012	2026-07-22	40b740ad0-dirty	CUDA13	direct-GDN-runtime-state-gather	Qwen3.6-35B-A3B-UD-Q3_K_M	150000	draft-mtp	4	0.25	f16/f16	183.86	promoted	five seeds 180.43,180.16,195.45,195.46,183.86 under 1695 MHz clock state; exact signatures
V013	2026-07-22	40b740ad0-dirty	CUDA13	MoE-rpb4	Qwen3.6-35B-A3B-UD-Q3_K_M	150000	draft-mtp	4	0.25	f16/f16	187.07	promoted	five seeds 184.99,181.83,187.07,195.03,188.88; exact signatures
K094	2026-07-22	40b740ad0-dirty	CUDA13	IQ4_XS-MoE-rpb8	Qwen3.6-35B-A3B-UD-Q3_K_M	150000	draft-mtp	4	0.25	f16/f16	195.56	provisional	one measured seed; matched seed improved from 189.58; exact acceptance
V014	2026-07-22	40b740ad0-dirty	CUDA13	IQ4_XS-rpb8-IQ3_XXS-rpb4	Qwen3.6-35B-A3B-UD-Q3_K_M	150000	draft-mtp	4	0.25	f16/f16	198.53	promoted	five seeds 198.53,190.17,200.44,204.53,197.28; exact workload
K095	2026-07-22	40b740ad0-dirty	CUDA13	IQ4_XS-MoE-rpb16	Qwen3.6-35B-A3B-UD-Q3_K_M	150000	draft-mtp	4	0.25	f16/f16	188.45	rejected	one measured seed; slower than IQ4_XS rpb8; restored
Q002	2026-07-22	40b740ad0-dirty	CUDA13	final-200tps-qualification	Qwen3.6-35B-A3B-UD-Q3_K_M	150000	draft-mtp	4	0.25	f16/f16	200.19	qualified	five seeds 200.19,198.69,205.55,204.07,195.55; all compile/run; 71C 254W 20794MiB
K096-K101	2026-07-22	40b740ad0-dirty	CUDA13	215tps-rejected-sweep	Qwen3.6-35B-A3B-UD-Q3_K_M	150000	draft-mtp	4	0.25	f16/f16	0.00	rejected	MMF sigmoid, canonical Q8 alias, IQ4 rpb12, IQ3 rpb6, and alternate MoE block layouts regressed; restored
K102-K104	2026-07-22	40b740ad0-dirty	CUDA13	invalid-stale-binary	Qwen3.6-35B-A3B-UD-Q3_K_M	150000	draft-mtp	4	0.25	f16/f16	0.00	invalid	argsort builds failed while stale DLL was benchmarked; apparent gains discarded
K105-K109	2026-07-22	40b740ad0-dirty	CUDA13	CUB-radix-geometry	Qwen3.6-35B-A3B-UD-Q3_K_M	150000	draft-mtp	4	0.25	f16/f16	210.89	provisional	exact 64x4 radix sorter guard winner; 32x8 209.87; Q8 independent-warps 192.79 rejected
V017	2026-07-22	40b740ad0-dirty	CUDA13	CUB-radix-64x4-five	Qwen3.6-35B-A3B-UD-Q3_K_M	150000	draft-mtp	4	0.25	f16/f16	206.72	promoted	five seeds 206.72,203.53,208.41,215.26,206.59; exact trajectories; 71C 260W 20748MiB
K110-K111	2026-07-22	40b740ad0-dirty	CUDA13	multi-token-MoE-GLU-fusion	Qwen3.6-35B-A3B-UD-Q3_K_M	150000	draft-mtp	4	0.25	f16/f16	216.96	provisional	fused IQ3 gate/up guard; exact seed trajectory and acceptance
V018	2026-07-22	40b740ad0-dirty	CUDA13	multi-token-MoE-GLU-fusion-five	Qwen3.6-35B-A3B-UD-Q3_K_M	150000	draft-mtp	4	0.25	f16/f16	210.82	promoted	five seeds 210.82,202.80,218.70,217.58,207.31; exact trajectories; 71C 259W 20745MiB
K112-K117	2026-07-22	40b740ad0-dirty	CUDA13	post-fusion-geometry-sweep	Qwen3.6-35B-A3B-UD-Q3_K_M	150000	draft-mtp	4	0.25	f16/f16	0.00	rejected	fused rpb2/rpb5, split warps, minblocks2, connections16, and RMSNorm512 regressed; restored rpb4 and RMSNorm1024
K127-K131	2026-07-22	40b740ad0-dirty	CUDA13	post-fusion-exact-and-occupancy-sweep	Qwen3.6-35B-A3B-UD-Q3_K_M	150000	draft-mtp	4	0.25	f16/f16	0.00	rejected	binbcast256, IQ3 dual-dot, fused rpb3, minblocks4, and high process priority regressed or failed acceptance; all restored
V019	2026-07-22	40b740ad0-dirty	CUDA13	argsort-top8-write-five	Qwen3.6-35B-A3B-UD-Q3_K_M	150000	draft-mtp	4	0.25	f16/f16	211.53	rejected	five seeds 218.69,206.35,216.12,204.92,211.53; exact acceptance but below target; full writes restored
K133-K134	2026-07-22	40b740ad0-dirty	CUDA13	cuda-connection-sweep	Qwen3.6-35B-A3B-UD-Q3_K_M	150000	draft-mtp	4	0.25	f16/f16	0.00	rejected	four connections 215.78 guard; two connections 210.95; neither beat matched retained guard; override removed
V020	2026-07-22	40b740ad0-dirty	CUDA13	gdn-two-warps-five	Qwen3.6-35B-A3B-UD-Q3_K_M	150000	draft-mtp	4	0.25	f16/f16	210.41	rejected	five seeds 210.41,203.45,215.24,215.26,207.35; exact but below retained median; four warps restored
K136-K137	2026-07-22	40b740ad0-dirty	CUDA13	gdn3-and-gate-restrict	Qwen3.6-35B-A3B-UD-Q3_K_M	150000	draft-mtp	4	0.25	f16/f16	0.00	rejected	GDN3 failed output quality; gate restrict guard 209.56; both fully restored
K138-V021	2026-07-22	40b740ad0-dirty	CUDA13	post-fusion-MoE-reduction	Qwen3.6-35B-A3B-UD-Q3_K_M	150000	draft-mtp	4	0.25	f16/f16	0.00	rejected	MoE down-scale fusion invalidated acceptance; weighted reduction reached 206.41 median; both removed
V022	2026-07-22	40b740ad0-dirty	CUDA13	fused-IQ3-rpb2	Qwen3.6-35B-A3B-UD-Q3_K_M	150000	draft-mtp	4	0.25	f16/f16	211.77	rejected	three seeds 209.36,211.77,213.07; below target
V023	2026-07-22	40b740ad0-dirty	CUDA13	fused-IQ3-rpb1	Qwen3.6-35B-A3B-UD-Q3_K_M	150000	draft-mtp	4	0.25	f16/f16	220.45	provisional	three seeds 223.58,212.21,220.45; Q004 repeat median 207.86
Q005	2026-07-22	40b740ad0-dirty	CUDA13	IQ3-dual-dot-rpb1-five	Qwen3.6-35B-A3B-UD-Q3_K_M	150000	draft-mtp	4	0.25	f16/f16	218.16	invalid	performance passed but one generated program contained an incorrect assertion
Q006	2026-07-22	40b740ad0-dirty	CUDA13	IQ3-dual-dot-rpb1-five	Qwen3.6-35B-A3B-UD-Q3_K_M	150000	draft-mtp	4	0.25	f16/f16	216.49	qualified	five seeds 220.58,216.49,212.80,186.20,220.12; all compile and run; 73C 271W 20783MiB
RW001	2026-08-01	40b740ad0-dirty	CUDA13	promoted-control-stream	Qwen3.6-35B-A3B-UD-Q3_K_M	150000	draft-mtp	4	0.25	f16/f16	184.89	baseline	stream total median; server decode 199.71; TTFT 171.28ms; five seeds; verified identity
M002	2026-08-01	40b740ad0-dirty	CUDA13	pmin020-stream	Qwen3.6-35B-A3B-UD-Q3_K_M	150000	draft-mtp	4	0.20	f16/f16	189.71	candidate	stream total median; server decode 205.67; five seeds; polling default
R002	2026-08-01	40b740ad0-dirty	CUDA13	pmin020-poll0-stream	Qwen3.6-35B-A3B-UD-Q3_K_M	150000	draft-mtp	4	0.20	f16/f16	191.42	promoted	stream total raw 198.01,188.25,187.70,192.31,191.42; server decode 207.89; TTFT 133.12ms; all five compile/run; VRAM 731MiB before/after
K001	2026-08-01	40b740ad0-dirty	CUDA13	mixed-source-q6fix-five	Qwen3.6-35B-A3B-UD-Q3_K_M	150000	draft-mtp	4	0.20	f16/f16	198.89	qualified-candidate	stream total raw 184.93,201.42,198.89,187.23,202.93; server decode 216.82; TTFT 127.09ms; all five compile/run; focused CUDA backend suite 1210/1210; mixed source provenance prevents promotion
K003-K005	2026-08-01	40b740ad0-dirty	CUDA13	real-use-context-matrix	Qwen3.6-35B-A3B-UD-Q3_K_M	150000	draft-mtp	4	0.20	f16/f16	0.00	qualified	13597-token cold nonstream TTFT 4554.66ms and decode 211.90; cached stream 183.44 end-to-end; 32497-token cold nonstream TTFT 11768.13ms and decode 181.50; all generated programs compile/run
S010-S014	2026-08-01	62bac409d-dirty	CUDA13	depth-and-thread-sweep	Qwen3.6-35B-A3B-UD-Q3_K_M	150000	draft-mtp	3-6	0.20	f16/f16	0.00	rejected	depth 3,5,6 and threads 8,12 all below the depth4 threads10 control on matched three-seed screens
S015	2026-08-01	62bac409d-dirty	CUDA13	q6-smallk-row-bound	Qwen3.6-35B-A3B-UD-Q3_K_M	150000	draft-mtp	4	0.20	f16/f16	196.66	correctness-candidate	passes formerly failing Q6_K MUL_MAT_ID case and 1210/1210 focused CUDA tests; no 35B throughput gain because profiled dominant Q6_K head does not select small-k
S016-S021	2026-08-01	62bac409d-dirty	CUDA13	spec-and-toggle-sweep	Qwen3.6-35B-A3B-UD-Q3_K_M	150000	draft-mtp	4	0.20	f16/f16	0.00	rejected	n-min1, p-split020, persistent reuse off, GDN projection off, and SSM direct off rejected; SSM direct off regressed to 179.92
A030-A033	2026-08-01	62bac409d-dirty	CUDA13	35b-vocab-width-experiments	Qwen3.6-35B-A3B-UD-Q3_K_M	150000	draft-mtp	4	0.20	f16/f16	0.00	rejected	draft-only 96K and 65K gave no material gain; prefix-only target omitted termination tokens; prefix plus special tail preserved byte-identical output but regressed to 174.74; target changes removed
Q040-Q041	2026-08-01	62bac409d-dirty	CUDA13	p-split0-repeat	Qwen3.6-35B-A3B-UD-Q3_K_M	150000	draft-mtp	4	0.20	f16/f16	0.00	rejected-variance	first five-seed median 201.67 with all quality passes and byte-identical output; immediate repeat 192.32 proves no reproducible win
K050	2026-08-01	9baece51f-dirty	CUDA13	q6-n1-two-warps	Qwen3.6-35B-A3B-UD-Q3_K_M	150000	draft-mtp	4	0.20	f16/f16	199.16	rejected	three-seed screen below retained three-warp geometry; source restored
S051-Q052	2026-08-01	9baece51f-dirty	CUDA13	no-host	Qwen3.6-35B-A3B-UD-Q3_K_M	150000	draft-mtp	4	0.20	f16/f16	201.16	provisional-variance	five-seed client median 201.16 and decode 220.66; unchanged output but same high-low run variance as rejected p-split arm; not promoted
S053	2026-08-01	9baece51f-dirty	CUDA13	no-host-cache-reuse256	Qwen3.6-35B-A3B-UD-Q3_K_M	150000	draft-mtp	4	0.20	f16/f16	192.51	rejected	cache reuse did not reduce TTFT and regressed three-seed client median
K060	2026-08-01	2567f41f9-dirty	CUDA13	q6-vdr2	Qwen3.6-35B-A3B-UD-Q3_K_M	150000	draft-mtp	4	0.20	f16/f16	195.52	rejected	all 14 focused Q6_K MUL_MAT and MUL_MAT_ID cases passed, but reduction grouping changed trajectories and the three-seed client median regressed; VDR1 restored
K061-K064	2026-08-01	c23a7ac4e-dirty	CUDA13	q6-fast-reduce	Qwen3.6-35B-A3B-UD-Q3_K_M	150000	draft-mtp	4	0.20	f16/f16	193.34	rejected	opt-in 248320x4096 Q6_K one-column warp-first reduction passed 14/14 focused tests, produced byte-identical outputs, and first screened at 200.76 vs 195.91 control; reverse-order five-seed repeat regressed to 193.34 vs 204.11 control, so source was restored
S065	2026-08-01	f5025f87b-dirty	CUDA13	current-pmin025-recheck	Qwen3.6-35B-A3B-UD-Q3_K_M	150000	draft-mtp	4	0.25	f16/f16	195.64	rejected	three-seed current-source replay did not recover the historical V018 rate and trailed the matched p-min 0.20 control
S066	2026-08-01	f5025f87b-dirty	CUDA13	current-nohost-recheck	Qwen3.6-35B-A3B-UD-Q3_K_M	150000	draft-mtp	4	0.20	f16/f16	205.49	inconclusive	five-seed reverse-order median was only 1.38 tok/s above the immediately preceding 204.11 control and remains within observed run variance; no launcher promotion
M138-M146	2026-08-02	793f2fb0c	CUDA13	depth5-core1935	Qwen3.6-35B-A3B-UD-Q3_K_M	150000	draft-mtp	5	0.20	f16/f16	208.36	promoted	15-run median; +6.22 over prior qualification; quality and long-context matrix passed
M150-V170	2026-08-02	4845d4f2a	CUDA13	depth5-pmin0	Qwen3.6-35B-A3B-UD-Q3_K_M	150000	draft-mtp	5	0.0	f16/f16	217.25	promoted	15-run streamed generation median; +6.74 over fresh 210.51 control; quality and long-context matrix passed
B171-B173	2026-08-03	4845d4f2a-dirty	CUDA13	fresh-depth5-pmin0-control	Qwen3.6-35B-A3B-UD-Q3_K_M	150000	draft-mtp	5	0.0	f16/f16	218.923	baseline	15-run ordinary generation median; batch medians 218.923,221.737,217.976
P196-P201	2026-08-03	4845d4f2a-dirty	CUDA13	ncu-q8j6-q6j1	Qwen3.6-35B-A3B-UD-Q3_K_M	150000	draft-mtp	5	0.0	f16/f16	0.00	profile	Q8 J6 49.06% occupancy and 670.48GB/s; Q6 J1 90.05% occupancy and 850.20GB/s
K198	2026-08-03	4845d4f2a-dirty	CUDA13	q8-j6-explicit-weight-reuse	Qwen3.6-35B-A3B-UD-Q3_K_M	150000	draft-mtp	5	0.0	f16/f16	216.034	rejected	five-seed generation median; exact trajectories
H207	2026-08-03	4845d4f2a-dirty	CUDA13	core-offset-plus100	Qwen3.6-35B-A3B-UD-Q3_K_M	150000	draft-mtp	5	0.0	f16/f16	217.525	rejected	stream total 202.637; settings reset
R208-R209	2026-08-03	4845d4f2a-dirty	CUDA13	threads9-11	Qwen3.6-35B-A3B-UD-Q3_K_M	150000	draft-mtp	5	0.0	f16/f16	217.987	rejected	threads9 217.987; threads11 213.755
K211-K215	2026-08-03	4845d4f2a-dirty	CUDA13	q6-j1-rpb2	Qwen3.6-35B-A3B-UD-Q3_K_M	150000	draft-mtp	5	0.0	f16/f16	214.903	rejected	first five 219.309; repeat 214.903; source restored
K214	2026-08-03	4845d4f2a-dirty	CUDA13	q6-j1-rpb2-yreuse	Qwen3.6-35B-A3B-UD-Q3_K_M	150000	draft-mtp	5	0.0	f16/f16	218.955	rejected	stream total 205.550; extra complexity removed
K217-K219	2026-08-03	4845d4f2a-dirty	CUDA13	q8-j6-row-packing	Qwen3.6-35B-A3B-UD-Q3_K_M	150000	draft-mtp	5	0.0	f16/f16	218.378	rejected	rpb4 218.378; rpb3 213.315; source restored
R220	2026-08-03	4845d4f2a-dirty	CUDA13	connections16	Qwen3.6-35B-A3B-UD-Q3_K_M	150000	draft-mtp	5	0.0	f16/f16	213.082	rejected	stream total 202.861
H221	2026-08-03	4845d4f2a-dirty	CUDA13	memory-plus100	Qwen3.6-35B-A3B-UD-Q3_K_M	150000	draft-mtp	5	0.0	f16/f16	213.530	rejected	stream total 203.087; settings reset
M222	2026-08-03	4845d4f2a-dirty	CUDA13	depth6-selective-sixth	Qwen3.6-35B-A3B-UD-Q3_K_M	150000	draft-mtp	6	0.0	f16/f16	208.046	rejected	three-seed screen at sixth-position threshold 0.10; source restored
M223-M225	2026-08-03	4845d4f2a-dirty	CUDA13	dense-vocab65-noop	Qwen3.6-35B-A3B-UD-Q3_K_M	150000	draft-mtp	5	0.0	f16/f16	218.502	rejected	15-run median; P227 proved full 248320-row MoE draft projection remained active
P230	2026-08-03	4845d4f2a-dirty	CUDA13	moe-vocab65-trace	Qwen3.6-35B-A3B-UD-Q3_K_M	150000	draft-mtp	5	0.0	f16/f16	0.00	profile	Q6_K draft projection reduced from about 523us to 135.74us; target projection unchanged
M231-M233	2026-08-03	4845d4f2a-dirty	CUDA13	moe-vocab65-five	Qwen3.6-35B-A3B-UD-Q3_K_M	150000	draft-mtp	5	0.0	f16/f16	236.269	qualified	15-run generation median; decode 236.321; stream total 223.156; TTFT 95.538ms; exact hashes; quality 15/15
V234-V237	2026-08-03	4845d4f2a-dirty	CUDA13	moe-vocab65-matrix	Qwen3.6-35B-A3B-UD-Q3_K_M	150000	draft-mtp	5	0.0	f16/f16	0.00	qualified	warm/cold streamed/nonstreamed and 13597/135097-token matrix passed; quality 4/4; exact idle reset
B238-B240	2026-08-03	f8d3fc4db-dirty	CUDA13	fresh-vocab65-control	Qwen3.6-35B-A3B-UD-Q3_K_M	150000	draft-mtp	5	0.0	f16/f16	235.369	baseline	15-run generation median; decode 235.326; stream total 221.895; TTFT 96.713ms
M241-M243	2026-08-03	f8d3fc4db-dirty	CUDA13	vocab-depth-external-draft-screen	Qwen3.6-35B-A3B-UD-Q3_K_M	150000	draft-mtp	5-6	0.0	f16/f16	0.00	rejected	32K prefix 213.208; depth6 227.532; official external Q4_0 draft 229.004
K247-K250	2026-08-03	f8d3fc4db-dirty	CUDA13	routing-and-sampler-isolation	Qwen3.6-35B-A3B-UD-Q3_K_M	150000	draft-mtp	5	0.0	f16/f16	0.00	screen	Q8 J6 MMQ 212.244 rejected; fast sampler 250.566; no-entry-sync 230.293 rejected
K251-K253	2026-08-03	f8d3fc4db-dirty	CUDA13	target-fast-sample-five	Qwen3.6-35B-A3B-UD-Q3_K_M	150000	draft-mtp	5	0.0	f16/f16	254.955	qualified	15-run generation median; decode 255.030; stream total 237.425; TTFT 94.788ms; exact hashes; quality 15/15
V254-V257	2026-08-03	f8d3fc4db-dirty	CUDA13	target-fast-sample-matrix	Qwen3.6-35B-A3B-UD-Q3_K_M	150000	draft-mtp	5	0.0	f16/f16	0.00	qualified	warm/cold streamed/nonstreamed and 13597/135097-token matrix passed; quality 4/4; idle reset
K258	2026-08-03	f8d3fc4db	CUDA13	clean-target-fast-sample	Qwen3.6-35B-A3B-UD-Q3_K_M	150000	draft-mtp	5	0.0	f16/f16	256.227	qualified	clean-worktree five-seed confirmation; no no-sync API dependency; stream total 238.670; exact hashes
K260-K262	2026-08-03	f8d3fc4db	CUDA13	portable-target-fast-sample	Qwen3.6-35B-A3B-UD-Q3_K_M	150000	draft-mtp	5	0.0	f16/f16	247.726	qualified	final 15-run generation median; decode 247.758; stream total 231.862; TTFT 95.825ms; AVX2 plus scalar fallback
B263	2026-08-03	243ef6d08	CUDA13	fresh-fast-sample-control	Qwen3.6-35B-A3B-UD-Q3_K_M	150000	draft-mtp	5	0.0	f16/f16	248.552	baseline	fresh five-seed control; decode 248.629; stream total 232.188; TTFT 94.996ms
K264-M270	2026-08-03	243ef6d08-dirty	CUDA13	msvc-avx2-vocab-screen	Qwen3.6-35B-A3B-UD-Q3_K_M	150000	draft-mtp	5	0.0	f16/f16	266.726	candidate	MSVC runtime AVX2 gate plus 40960/40192 draft-prefix screens; exact control hashes
M267-M269	2026-08-03	243ef6d08-dirty	CUDA13	msvc-avx2-vocab40960-five	Qwen3.6-35B-A3B-UD-Q3_K_M	150000	draft-mtp	5	0.0	f16/f16	262.756	qualified	15-run generation median; decode 262.819; stream total 247.447; TTFT 94.575ms; quality 15/15
V271-V274	2026-08-03	243ef6d08-dirty	CUDA13	msvc-avx2-vocab40960-matrix	Qwen3.6-35B-A3B-UD-Q3_K_M	150000	draft-mtp	5	0.0	f16/f16	0.00	qualified	warm/cold streamed/nonstreamed and 13597/135097-token matrix passed; exact hashes; quality 4/4
K275	2026-08-03	243ef6d08-dirty	CUDA13	msvc-arch-guard-refinement	Qwen3.6-35B-A3B-UD-Q3_K_M	150000	draft-mtp	5	0.0	f16/f16	257.018	rejected	five-seed replay below target; exact qualified DLL restored
B1003	2026-08-04	a95e13257	CUDA13	exact-production-control	Qwen3.6-35B-A3B-UD-Q3_K_M	150000	draft-mtp	5	0.0	f16/f16	258.429	baseline	generation-only median; server 258.387; stream total 244.671; TTFT 88.627ms; quality 5/5
P1002	2026-08-04	a95e13257	CUDA13	current-production-nsys	Qwen3.6-35B-A3B-UD-Q3_K_M	150000	draft-mtp	5	0.0	f16/f16	0.000	profile	Q8 J6 23.0%; IQ3S MoE 14.8%; IQ4XS MoE 10.7%; stream sync 63.3% CUDA API time
R1004-R1007	2026-08-04	a95e13257	CUDA13	target-map-screen	Qwen3.6-35B-A3B-UD-Q3_K_M	150000	draft-mtp	5	0.0	f16/f16	0.000	rejected	2376 tokens stopped at 265.709; raw 1200/1600 and special-tail variants hit output cap
K1012-K1021	2026-08-04	a95e13257	CUDA13	q8j6-ranked1800-mtp40192	Qwen3.6-35B-A3B-UD-Q3_K_M	150000	draft-mtp	5	0.0	f16/f16	0.000	inconclusive	five-seed medians 273.503/273.766/271.369/269.584; complete aggregate below +15 target
K1022-K1023	2026-08-04	a95e13257	CUDA13	ranked-map-and-cuda-transplants	Qwen3.6-35B-A3B-UD-Q3_K_M	150000	draft-mtp	5	0.0	f16/f16	0.000	rejected	ranked1600 270.495; K637/K718 CUDA transplants regressed
K1027-K1039	2026-08-04	a95e13257	CUDA13	q8j6-inplace-ranked1800-mtp40192	Qwen3.6-35B-A3B-UD-Q3_K_M	150000	draft-mtp	5	0.0	f16/f16	275.385	promoted	10-run median +16.956 over B1003; quality 10/10; full production matrix validated; native tool format unsupported
B1040-P1045	2026-08-04	db692e79c	CUDA13	285-campaign-control-profile	Qwen3.6-35B-A3B-UD-Q3_K_M	150000	draft-mtp	5	0.0	f16/f16	271.394	baseline	fresh promoted control; P1045 Q8 J6 22.0%, IQ3S 15.6%, IQ4XS 11.2%, stream sync 63.2%
M1050-M1052	2026-08-04	db692e79c	CUDA13	k517-pmin015-ranked1700	Qwen3.6-35B-A3B-UD-Q3_K_M	150000	draft-mtp	5	0.15	f16/f16	286.560	rejected	forward/reverse crossed 285 but seed404 emitted invalid include c++20 and failed MSVC quality gate
M1053-R1080	2026-08-04	db692e79c	CUDA13	k514-safe-parameter-sweep	Qwen3.6-35B-A3B-UD-Q3_K_M	150000	draft-mtp	5	0.15	f16/f16	284.184	inconclusive	best safe five-seed arm used threads8, p-split0.10, ranked1600; below 285; affinity, priority, clocks, mixed threads, Q8 KV, ubatch1024, depth4/6 rejected
P1084-R1086	2026-08-04	db692e79c	CUDA13	k514-q8j6-register-host-screen	Qwen3.6-35B-A3B-UD-Q3_K_M	150000	draft-mtp	5	0.15	f16/f16	278.646	rejected	Q8 J6 uses 80 registers and 1536 B shared; reg64 CUDA transplant changed trajectories and screened at 282.576; no-host, skip parsing, and exact repeat did not cross 285
M1087-K1088	2026-08-04	77e866b5a	CUDA13	k514-threshold-ranked-map-bracket	Qwen3.6-35B-A3B-UD-Q3_K_M	150000	draft-mtp	5	0.15	f16/f16	284.000	rejected	p-min0.17 regressed; ranked1500/1550/1650 three-seed medians were 283.690/283.877/284.000
K1089-K1101	2026-08-04	77e866b5a	CUDA13	k514-exact-ptx-mmvq-screen	Qwen3.6-35B-A3B-UD-Q3_K_M	150000	draft-mtp	5	0.15	f16/f16	283.095	inconclusive	exact K514 PTX preserved output lengths; reg64/reg72, wide loads, scale CSE, IQ4 prefetch, and driver JIT rejected; IQ3S L2::128B improved reassembly control by 1.059 but remained below 285
K1102-K1125	2026-08-04	e404efb8b	CUDA13	iq3s-prefetch-map-threshold-qualification	Qwen3.6-35B-A3B-UD-Q3_K_M	150000	draft-mtp	5	0.16	f16/f16	284.351	inconclusive	ranked1575 was strongest repeatable safe five-seed median; one 285.606 crossing failed reverse repeat at 280.229; metadata prefetch, depth4/6, threads7/9, polling, fixed2100 clock, and special1600 quality failure rejected
K1126-K1145	2026-08-04	078b451bf	CUDA13	vocab-hardware-host-q8-schedule-followup	Qwen3.6-35B-A3B-UD-Q3_K_M	150000	draft-mtp	5	0.16	f16/f16	0.000	rejected	mtp40064 acceptance cliff; 40320 slower; IQ3 edge prefetch, Q8 xcache combination, HTTP1, aligned map, qualified clock/fan states, sampler rebuild, and semantics-preserving Q8 schedule transplant did not beat safe ceiling
K1146-K1158	2026-08-04	e4821025e-dirty	CUDA13	iq4-gdn-copy-rdp-followup	Qwen3.6-35B-A3B-UD-Q3_K_M	150000	draft-mtp	5	0.16	f16/f16	0.000	rejected	IQ4_XS weight/activation prefetch and GDN broadcast were not repeatable; isolated copy channel-pair kernel regressed 218.337 vs 225.232 matched control; active RDP session imposed a severe absolute-throughput penalty
K1159-K1164	2026-08-04	5f50fede5-dirty	CUDA13	console-harness-audit	Qwen3.6-35B-A3B-UD-Q3_K_M	150000	draft-mtp	5	0.16	f16/f16	0.000	invalid	first console runs used stale SESSIONNAME and incomplete hotmap environment; excluded after token trajectories and warmup exposed the mismatch
K1165-K1182	2026-08-04	5f50fede5-dirty	CUDA13	k1097-console-285-promotion	Qwen3.6-35B-A3B-UD-Q3_K_M	150000	draft-mtp	5	0.16	f16/f16	292.347	promoted	promoted-launcher 15-run ordinary median; three batch medians 283.225/292.347/294.950; exact trajectories; quality 15/15; cold/warm 13,597/135,097-token, long-instruction, parser bypass, short-MTP, and raw fallback matrix passed
B1183-B1185	2026-08-05	2a6d77778	CUDA13	fresh-unlocked-rdp-control	Qwen3.6-35B-A3B-UD-Q3_K_M	150000	draft-mtp	5	0.16	f16/f16	273.877	baseline	combined ten-run server decode median; stream total 252.220; target 288.877 server and 267.220 stream total
R1186	2026-08-05	2a6d77778-dirty	CUDA13	ranked1550-rdp	Qwen3.6-35B-A3B-UD-Q3_K_M	150000	draft-mtp	5	0.16	f16/f16	269.286	rejected	stream total 250.459; exact trajectory; slower than matched control
P1188	2026-08-05	2a6d77778-dirty	CUDA13	current-promoted-rdp-nsys	Qwen3.6-35B-A3B-UD-Q3_K_M	150000	draft-mtp	5	0.16	f16/f16	0.000	profile	Q8 J6 26.0%; fused IQ3S 14.3%; IQ4XS 10.6%; stream sync 61.3% CUDA API time
G1189	2026-08-05	2a6d77778-dirty	CUDA13	graphopt-rdp	Qwen3.6-35B-A3B-UD-Q3_K_M	150000	draft-mtp	5	0.16	f16/f16	266.289	rejected	stream total 247.403; exact trajectory; slower than matched control
K1190	2026-08-05	2a6d77778-dirty	CUDA13	single-target-accept-sync	Qwen3.6-35B-A3B-UD-Q3_K_M	150000	draft-mtp	5	0.16	f16/f16	257.742	rejected	stream total 242.021; seeds 101/505 changed trajectories; per-row sync is stateful; source removed
K1191	2026-08-05	2a6d77778-dirty	CUDA13	q8j6-l2-prefetch128-rdp	Qwen3.6-35B-A3B-UD-Q3_K_M	150000	draft-mtp	5	0.16	f16/f16	271.334	rejected	three-seed screen; stream total 251.478; exact token counts; below matched control
M1192	2026-08-05	2a6d77778-dirty	CUDA13	ranked1600-rdp	Qwen3.6-35B-A3B-UD-Q3_K_M	150000	draft-mtp	5	0.16	f16/f16	269.379	rejected	five-seed screen; stream total 245.637; below matched control
M1193	2026-08-05	2a6d77778-dirty	CUDA13	pmin015-ranked1575-rdp	Qwen3.6-35B-A3B-UD-Q3_K_M	150000	draft-mtp	5	0.15	f16/f16	269.207	rejected	five-seed reverse screen; stream total 249.740; below matched control
K1194	2026-08-05	2a6d77778-dirty	CUDA13	q8j6-weight-l2-prefetch128-rdp	Qwen3.6-35B-A3B-UD-Q3_K_M	150000	draft-mtp	5	0.16	f16/f16	270.205	rejected	three-seed screen; stream total 246.138; exact token counts; below control
K1195-C1196	2026-08-05	2a6d77778-dirty	CUDA13	q8j6-weight-l2-prefetch64-rdp	Qwen3.6-35B-A3B-UD-Q3_K_M	150000	draft-mtp	5	0.16	f16/f16	280.508	rejected	matched reverse-three control 281.320; exact token counts; no gain
M1197	2026-08-05	2a6d77778-dirty	CUDA13	adaptive-mtp-depth-host	Qwen3.6-35B-A3B-UD-Q3_K_M	150000	draft-mtp	5	0.16	f16/f16	208.657	invalid	all five token trajectories changed; host prototype removed
K1198	2026-08-05	2a6d77778-dirty	CUDA13	q8j6-activation-cache-all-rdp	Qwen3.6-35B-A3B-UD-Q3_K_M	150000	draft-mtp	5	0.16	f16/f16	258.783	rejected	three-seed screen; stream total 242.224; exact token counts; large regression
B1199-B1200	2026-08-06	2a6d77778-dirty	CUDA13	fresh-console-production-control	Qwen3.6-35B-A3B-UD-Q3_K_M	150000	draft-mtp	5	0.16	f16/f16	289.427	baseline	forward/reverse combined ten-run server median; stream total 268.595; +15 targets 304.427 and 283.595; exact token counts 10/10
K1216-K1217	2026-08-06	2a6d77778-dirty	CUDA13	production-single-accept-sync	Qwen3.6-35B-A3B-UD-Q3_K_M	150000	draft-mtp	5	0.16	f16/f16	285.491	rejected	binary-exact production host; combined ten-run median; stream total 263.768; exact token counts 10/10
R1218	2026-08-06	2a6d77778-dirty	CUDA13	launch-queues-4x	Qwen3.6-35B-A3B-UD-Q3_K_M	150000	draft-mtp	5	0.16	f16/f16	259.136	rejected	three-seed screen; stream total 237.501; exact token counts
K1219-K1220	2026-08-06	2a6d77778-dirty	CUDA13	q8j6-row-per-warp	Qwen3.6-35B-A3B-UD-Q3_K_M	150000	draft-mtp	5	0.16	f16/f16	287.672	provisional	three-seed screen; stream total 267.527; exact token counts; Q8 J6 average kernel latency improved 13.9% in P1224
P1224	2026-08-06	2a6d77778-dirty	CUDA13	q8j6-row-per-warp-nsys	Qwen3.6-35B-A3B-UD-Q3_K_M	150000	draft-mtp	5	0.16	f16/f16	0.000	profile	Q8 J6 average 12.049us vs 13.994us P1188; median 5.312us vs 5.728us; 23.2% of kernel time
K1226-K1227	2026-08-06	2a6d77778-dirty	CUDA13	q8-rowwarp-iq3s-nopdl-stale-ptx	Qwen3.6-35B-A3B-UD-Q3_K_M	150000	draft-mtp	5	0.16	f16/f16	283.171	invalid	compiler environment failed and inherited K1219 PTX; measurement cannot test the claimed IQ3 change
K1229	2026-08-06	2a6d77778-dirty	CUDA13	q8-rowwarp-iq4xs-split4-stale-ptx	Qwen3.6-35B-A3B-UD-Q3_K_M	150000	draft-mtp	5	0.16	f16/f16	261.862	invalid	compiler environment failed and inherited K1219 PTX; superseded by correctly rebuilt K1234-K1236
K1234-K1236	2026-08-06	2a6d77778-dirty	CUDA13	q8-rowwarp-iq4xs-split4-correct	Qwen3.6-35B-A3B-UD-Q3_K_M	150000	draft-mtp	5	0.16	f16/f16	289.471	provisional	three-seed median; stream total 262.507; exact outputs; IQ4_XS average kernel latency 36.622us vs 39.322us control
K1247-K1248	2026-08-06	2a6d77778-dirty	CUDA13	q8-rowwarp-iq4xs-split4-paired10	Qwen3.6-35B-A3B-UD-Q3_K_M	150000	draft-mtp	5	0.16	f16/f16	292.208	provisional	combined ten-run server median +2.781 over B1199-B1200; stream total 267.310; exact outputs 10/10; below +15 targets
M1249-M1251	2026-08-06	2a6d77778-dirty	CUDA13	q8-iq4-threshold-bracket	Qwen3.6-35B-A3B-UD-Q3_K_M	150000	draft-mtp	5	0.15	f16/f16	297.739	provisional	best three-seed arm p-min0.15 p-split0.10; stream total 274.561; exact outputs; adjacent p-min0.14/0.155/0.17 and p-split0.08/0.12 slower
P1253	2026-08-06	2a6d77778-dirty	CUDA13	q8-rowwarp-ncu	Qwen3.6-35B-A3B-UD-Q3_K_M	150000	draft-mtp	5	0.15	f16/f16	0.000	profile	Q8 J6 LSU 82.28%; DRAM 72.17%; L1 hit 94.52%; 65% excessive global sectors; 34.5% issue interval stalled on L1TEX scoreboard
K1231-K1256	2026-08-06	2a6d77778-dirty	CUDA13	correctness-and-geometry-followups	Qwen3.6-35B-A3B-UD-Q3_K_M	150000	draft-mtp	5	0.15	f16/f16	0.000	rejected	IQ3 dual changed trajectories; IQ3 rpb2 and sequential regressed; transpose-free and MMF7 changed trajectories; Q8 scale broadcast invalid; high priority/affinity regressed
K1257	2026-08-06	2a6d77778-dirty	CUDA13	q8-scale-broadcast-address-fix	Qwen3.6-35B-A3B-UD-Q3_K_M	150000	draft-mtp	5	0.15	f16/f16	227.959	rejected	corrected Q8_1 block addressing restored exact seed101 466-token output, but stream total 216.710 and decode regressed sharply
M1258-M1259	2026-08-06	2a6d77778-dirty	CUDA13	q8-iq4-psplit-fine-screen	Qwen3.6-35B-A3B-UD-Q3_K_M	150000	draft-mtp	5	0.15	f16/f16	294.648	rejected	p-split0.09 median stream 273.953 with exact outputs; p-split0.095 regressed to 264.015 decode and 242.964 stream
K1260-K1261	2026-08-06	2a6d77778-dirty	CUDA13	q8-rowwarp-weight-cache	Qwen3.6-35B-A3B-UD-Q3_K_M	150000	draft-mtp	5	0.15	f16/f16	256.492	rejected	hoisted invariant Q8_0 bytes and scale across six tokens; exact outputs, but three-seed stream median 242.183 and no repeatable end-to-end gain
H1262	2026-08-06	2a6d77778-dirty	CUDA13	q8-iq4-qualified-2190-hardware-retest	Qwen3.6-35B-A3B-UD-Q3_K_M	150000	draft-mtp	5	0.15	f16/f16	271.028	rejected	2190/9751 MHz plus qualified +100 MHz curve offset preserved exact outputs but regressed current three-seed stream median to 251.397; hardware state reset after run
M1263-M1265	2026-08-06	2a6d77778-dirty	CUDA13	q8-iq4-hotmap-depth-followup	Qwen3.6-35B-A3B-UD-Q3_K_M	150000	draft-mtp	5	0.15	f16/f16	297.624	rejected	ranked1600 and ranked1500 preserved exact outputs but did not improve the ranked1575 median; depth6 changed all trajectories and was invalid
K1266	2026-08-06	2a6d77778-dirty	CUDA13	iq3xxs-activation-cache	Qwen3.6-35B-A3B-UD-Q3_K_M	150000	draft-mtp	5	0.15	f16/f16	251.816	rejected	cached Q8_1 activation words across fused IQ3_XXS source/gate dots; exact seed101 output but slower than control
M1267-M1268	2026-08-06	2a6d77778-dirty	CUDA13	draft-vocab-threshold-followup	Qwen3.6-35B-A3B-UD-Q3_K_M	150000	draft-mtp	5	0.20	f16/f16	277.337	rejected	vocab40960 did not improve exact seed101; fixed p-min0.20 preserved all trajectories but regressed three-seed median
K1269-C1270	2026-08-06	2a6d77778-dirty	CUDA13	source-rebuild-reproducibility-audit	Qwen3.6-35B-A3B-UD-Q3_K_M	150000	draft-mtp	5	0.15	f16/f16	240.678	invalid	current-source host rebuild reports 2a6d77778 and emits 491 tokens for seed101 versus promoted f8d3fc4db host 466; adaptive p-min also changed trajectories; no rebuilt-host result is benchmark evidence
K1271-K1272	2026-08-06	2a6d77778-dirty	CUDA13	q8-iq4-pmin15-paired10-repeat	Qwen3.6-35B-A3B-UD-Q3_K_M	150000	draft-mtp	5	0.15	f16/f16	278.022	rejected	paired forward/reverse repeat preserved exact outputs but heat-soaked medians fell to 276.917/278.021 decode and 251.003/259.764 stream; below target
H1273	2026-08-06	2a6d77778-dirty	CUDA13	q8-iq4-pmin15-fan100	Qwen3.6-35B-A3B-UD-Q3_K_M	150000	draft-mtp	5	0.15	f16/f16	287.093	rejected	100% fan without offset preserved exact outputs but three-seed stream median 265.162; fan and hardware state restored
C1274-C1277	2026-08-06	2a6d77778-dirty	CUDA13	host-dll-generation-bisection	Qwen3.6-35B-A3B-UD-Q3_K_M	150000	draft-mtp	5	0.15	f16/f16	0.000	invalid	promoted f8d3fc4db and rebuilt 2a6d77778 DLL generations are not component-ABI-compatible; mixed bundles either timed out or emitted all512 and cannot localize the source gap
H1278	2026-08-06	2a6d77778-dirty	CUDA13	q8-iq4-memory-offset500	Qwen3.6-35B-A3B-UD-Q3_K_M	150000	draft-mtp	5	0.15	f16/f16	277.430	rejected	validated +500000 memory offset and fan100 preserved exact outputs but regressed three-seed stream median to 256.874; offset and fan reset
R1279	2026-08-06	2a6d77778-dirty	CUDA13	q8-iq4-pdl-disabled	Qwen3.6-35B-A3B-UD-Q3_K_M	150000	draft-mtp	5	0.15	f16/f16	259.499	rejected	GGML_CUDA_PDL=0 preserved exact outputs but regressed three-seed stream median to 237.654; extended launch path retained
H1280	2026-08-06	2a6d77778-dirty	CUDA13	q8-iq4-dynamic-core-offset100	Qwen3.6-35B-A3B-UD-Q3_K_M	150000	draft-mtp	5	0.15	f16/f16	269.236	rejected	dynamic graphics clocks plus +100000 core offset and fan100 preserved exact outputs but regressed three-seed stream median to 250.862; hardware reset
K1281	2026-08-06	2a6d77778-dirty	CUDA13	q8-iq4-gdn-exp-broadcast-stack	Qwen3.6-35B-A3B-UD-Q3_K_M	150000	draft-mtp	5	0.15	f16/f16	286.862	rejected	generalized fatbin patcher safely stacked prior GDN exp broadcast with Q8 rowwarp and IQ4 split; exact outputs, stream median 267.637, no repeatable gain
K1338	2026-08-06	f8d3fc4db-dirty	CUDA13	q8-rowwarp-iq4-split4-ngram-prime1	Qwen3.6-35B-A3B-UD-Q3_K_M	150000	draft-mtp,ngram-mod	5	0.15	f16/f16	332.049	promoted	cold five-seed median; client stream 302.768; byte-exact; +43.778 server and +37.119 client versus matched control
K1337	2026-08-06	f8d3fc4db-dirty	CUDA13	q8-rowwarp-iq4-split4-ngram-prime1	Qwen3.6-35B-A3B-UD-Q3_K_M	150000	draft-mtp,ngram-mod	5	0.15	f16/f16	335.034	promoted	warm five-seed median with representative seed101 cache; client stream 313.285; byte-exact
K1346	2026-08-06	f8d3fc4db-dirty	CUDA13	q8-rowwarp-iq4-split4-ngram-prime1	Qwen3.6-35B-A3B-UD-Q3_K_M	150000	draft-mtp,ngram-mod	5	0.15	f16/f16	249.192	qualified	135097-token occupied context; client stream 140.000 versus 121.981 control; five byte-exact outputs
